{
    "loss": 7.861916542053223,
    "accuracy": 0.20000000298023224
}