{
    "loss": 7.625534534454346,
    "accuracy": 0.20000000298023224
}