{
    "loss": 7.716570854187012,
    "accuracy": 0.20000000298023224
}