{
    "loss": 7.7272844314575195,
    "accuracy": 0.23999999463558197
}